[1,["26n49+P2NB0ruTHO9DFhsY@f9941","adXVXqIftA94mDqy81qjtL@f9941","f4An6xGXhOyr6Ug0zy1xs4","d0MqyYBeFAkIi762QNy1/B@b47c0","6fAc9/gb9Kfr1dCvwZaWSA@b47c0","26n49+P2NB0ruTHO9DFhsY@6c48a","57np3mMI1O+IfS6EqpMrpp@6c48a","73cY2fqb9KZJD4FNW1wnq1@6c48a","adXVXqIftA94mDqy81qjtL@6c48a","59HsUW/4xGvJGmzut5El0m@6c48a","ccnymt28VI3L6CyA5VZbTS@6c48a","ceol5dkd5JbLlHiKbdNK66","ccnymt28VI3L6CyA5VZbTS@f9941","73cY2fqb9KZJD4FNW1wnq1@f9941","b3WXVY6yNEoo5AvKqluxsK","57np3mMI1O+IfS6EqpMrpp@f9941","c0Iv8fHtxLTqXzkKehessm"],["node","_spriteFrame","_textureSource","_cameraComponent","_font","scene","_parent","down","_envmapHDR","_envmapLDR","root","loadingPro","lod_lb","par","_target","data","_normalSprite","_skeletonData"],["cc.ImageAsset",["cc.Node",["_name","_layer","_id","_objFlags","_components","_parent","_prefab","_lpos","_children","_lrot","_euler","_lscale"],-1,9,1,4,5,2,5,5,5],"cc.SpriteFrame",["cc.Widget",["_alignFlags","_right","_bottom","_top","_left","node","__prefab"],-2,1,4],["cc.Sprite",["_type","_sizeMode","node","_spriteFrame","__prefab"],1,1,6,4],["cc.Camera",["_clearFlags","_visibility","_projection","_priority","_orthoHeight","_far","node","_color","__prefab"],-3,1,5,4],["cc.Label",["_string","_actualFontSize","_fontSize","_isSystemFontUsed","_overflow","_enableWrapText","_isBold","node","__prefab","_color","_font"],-4,1,4,5,6],"cc.TextureCube",["cc.Node",["_name","_parent","_components","_lpos","_prefab"],2,1,2,5,4],["cc.UITransform",["node","_contentSize","__prefab"],3,1,5,4],["cc.Canvas",["node","_cameraComponent","__prefab"],3,1,1,4],["cc.PrefabInfo",["fileId","root","asset"],2,1,1],["cc.SceneAsset",["_name"],2],["cc.Node",["_name","_layer","_parent","_components","_prefab","_lpos"],1,1,12,4,5],["f194e/N9fdIqqxGw0VEEDCK",["node","down"],3,1,6],["cc.Scene",["_name","_children","_prefab","_globals"],2,2,4,4],["cc.SceneGlobals",["ambient","shadows","_skybox","fog","octree"],3,4,4,4,4,4],["cc.AmbientInfo",["_skyIllumLDR","_skyColorHDR","_groundAlbedoHDR","_skyColorLDR","_groundAlbedoLDR"],2,5,5,5,5],["cc.ShadowsInfo",["_shadowColor","_size"],3,5,5],["cc.SkyboxInfo",["_enabled","_envmapHDR","_envmapLDR"],2,6,6],["cc.FogInfo",[],3],["cc.OctreeInfo",[],3],["sp.SkeletonData",["_name","_atlasText","textureNames","_skeletonJson","textures"],-1,3],["cc.TTFFont",["_name","_native"],1],["cc.Prefab",["_name"],2],["beb71GhQDRNRK9bRKB4lbzh",["node","__prefab","par","lod_lb","loadingPro"],3,1,4,1,1,1],["cc.CompPrefabInfo",["fileId"],2],["cc.Button",["_transition","node","__prefab","clickEvents","_normalColor","_target","_normalSprite"],2,1,4,9,5,1,6],["cc.ClickEvent",["_componentId","handler","customEventData","target"],0,1],["sp.Skeleton",["_preCacheMode","_premultipliedAlpha","defaultSkin","defaultAnimation","node","__prefab","_skeletonData"],-1,1,4,6]],[[26,0,2],[11,0,1,2,2],[9,0,2,1,1],[1,0,1,5,4,6,7,3],[4,2,4,3,1],[1,0,1,5,8,4,6,7,3],[9,0,1,1],[3,0,1,2,5,6,4],[23,0,1,3],[12,0,2],[1,0,1,2,8,4,7,4],[1,0,1,5,4,3],[1,0,2,5,4,7,9,10,3],[1,0,8,4,6,2],[1,0,1,5,8,4,6,7,11,3],[1,0,1,5,4,6,3],[1,0,3,1,5,4,6,4],[8,0,1,2,3,2],[8,0,1,2,4,3,2],[13,0,1,2,3,4,5,3],[10,0,1,1],[10,0,2,1,1],[3,0,5,2],[3,0,5,6,2],[3,0,1,3,5,6,4],[3,0,4,2,5,6,4],[14,0,1,1],[15,0,1,2,3,2],[11,0,2],[16,0,1,2,3,4,1],[17,0,1,2,3,4,2],[18,0,1,1],[19,0,1,2,2],[20,1],[21,1],[4,2,3,1],[4,0,1,2,4,3,3],[5,0,1,6,3],[5,2,3,4,5,0,1,6,7,7],[5,2,3,4,5,0,1,6,8,7,7],[22,0,1,2,3,4,5],[24,0,2],[25,0,1,2,3,4,1],[27,0,1,2,3,4,5,6,2],[28,0,1,2,3,4],[6,0,1,2,3,7,8,9,10,5],[6,0,1,2,4,5,7,8,9,6],[6,0,1,2,3,6,7,8,9,6],[29,0,1,2,3,4,5,6,5]],[[[[9,"Main"],[10,"Canvas",33554432,"84LFiZZThGLqT8QDxTMRCb",[-6,-7],[[6,-1,[5,1280,720]],[20,-3,-2],[22,45,-4],[26,-5,1]],[1,640,360,0]],[27,"scene",[-8,1],[28,"0a09bec1-32f9-4ea2-8278-9b9b9a50ff6a"],[29,[30,0.5208,[2,0.242613,0.362617,0.798746,0.520833125],[2,0.241814,0.361945,0.798799,0],[2,0.519964,0.630786,0.905039,0.5208],[2,0.519544,0.630484,0.905069,0]],[31,[4,4283190348],[0,1024,1024]],[32,true,2,3],[33],[34]]],[11,"Loading",33554432,1,[[6,-9,[5,1280,720]],[35,-10,0]]],[12,"Main Camera","c9DMICJLFO5IeO07EPon7U",2,[[37,14,1822425087,-11]],[1,-10,10,10],[3,-0.27781593346944056,-0.36497167621709875,-0.11507512748638377,0.8811195706053617],[1,-35,-45,0]],[17,"Camera",1,[-12],[1,0,0,1000]],[38,0,1073741824,360,2000,6,41943040,5,[4,4278190080]]],0,[0,0,1,0,3,6,0,0,1,0,0,1,0,0,1,0,-1,5,0,-2,3,0,-1,4,0,0,3,0,0,3,0,0,4,0,-1,6,0,5,2,1,6,2,12],[0,0,0,0],[1,7,8,9],[0,2,3,4]],[[{"name":"Loading","rect":{"x":0,"y":0,"width":1280,"height":720},"offset":{"x":0,"y":0},"originalSize":{"width":1280,"height":720},"rotated":false,"capInsets":[0,0,0,0],"packable":true}],[2],0,[0],[2],[5]],[[{"name":"pro_back","rect":{"x":1,"y":1,"width":1128,"height":35},"offset":{"x":0.5,"y":-0.5},"originalSize":{"width":1129,"height":36},"rotated":false,"capInsets":[0,0,0,0],"packable":true}],[2],0,[0],[2],[6]],[[{"base":"2,2,0,0,2,0","rgbe":false,"mipmaps":[{"front":"6f01cf7f-81bf-4a7e-bd5d-0afc19696480@b47c0@e9a6d","back":"6f01cf7f-81bf-4a7e-bd5d-0afc19696480@b47c0@40c10","left":"6f01cf7f-81bf-4a7e-bd5d-0afc19696480@b47c0@8fd34","right":"6f01cf7f-81bf-4a7e-bd5d-0afc19696480@b47c0@74afd","top":"6f01cf7f-81bf-4a7e-bd5d-0afc19696480@b47c0@bb97f","bottom":"6f01cf7f-81bf-4a7e-bd5d-0afc19696480@b47c0@7d38f"}]}],[7],0,[],[],[]],[[{"fmt":"0","w":0,"h":0},-1],[0],0,[],[],[]],[[{"fmt":"0","w":0,"h":0},-1],[0],0,[],[],[]],[[{"fmt":"0","w":0,"h":0},-1],[0],0,[],[],[]],[[{"fmt":"0","w":0,"h":0},-1],[0],0,[],[],[]],[[{"fmt":"0","w":0,"h":0},-1],[0],0,[],[],[]],[[{"fmt":"0","w":0,"h":0},-1],[0],0,[],[],[]],[[{"name":"pro_pro","rect":{"x":0,"y":1,"width":1106,"height":13},"offset":{"x":0,"y":-0.5},"originalSize":{"width":1106,"height":14},"rotated":false,"capInsets":[0,0,0,0],"packable":true}],[2],0,[0],[2],[7]],[[{"name":"kefuIcon","rect":{"x":4,"y":4,"width":56,"height":56},"offset":{"x":0,"y":0},"originalSize":{"width":64,"height":64},"rotated":false,"capInsets":[0,0,0,0],"packable":true}],[2],0,[0],[2],[8]],[[[40,"jindutiaotx","\njindutiaotx.png\nsize: 41,41\nformat: RGBA8888\nfilter: Linear,Linear\nrepeat: none\n2\n  rotate: false\n  xy: 2, 2\n  size: 37, 37\n  orig: 40, 39\n  offset: 1, 1\n  index: -1\n",["jindutiaotx.png"],{"skeleton":{"hash":"nAyjJK3xFyFNL+/Ebe2GUiVIL+k","spine":"3.8.99","images":"","audio":"E:/AB/加载页面进度条/加载"},"bones":[{"name":"root"},{"name":"guang","parent":"root","scaleX":1.5,"scaleY":1.5},{"name":"guang2","parent":"root","scaleX":1.4,"scaleY":1.4},{"name":"guang3","parent":"root","scaleX":1.3,"scaleY":1.3},{"name":"guang4","parent":"root"},{"name":"guang5","parent":"root","scaleX":1.5,"scaleY":1.5},{"name":"guang6","parent":"root","scaleX":1.2,"scaleY":1.2},{"name":"guang7","parent":"root"},{"name":"guang8","parent":"root","scaleX":1.5,"scaleY":1.5},{"name":"guang9","parent":"root","scaleX":1.2,"scaleY":1.2},{"name":"guang10","parent":"root"},{"name":"guang11","parent":"root"},{"name":"guang12","parent":"root"},{"name":"guang13","parent":"root"},{"name":"guang14","parent":"root"},{"name":"guang15","parent":"root","scaleX":0.7,"scaleY":0.7},{"name":"guang16","parent":"root"},{"name":"guang17","parent":"root","scaleX":0.6,"scaleY":0.6},{"name":"guang18","parent":"root"},{"name":"guang19","parent":"root"},{"name":"guang20","parent":"root"},{"name":"guang21","parent":"root","scaleX":0.6,"scaleY":0.6},{"name":"guang22","parent":"root","scaleX":0.4,"scaleY":0.4},{"name":"guang23","parent":"root","scaleX":0.6,"scaleY":0.6},{"name":"guang24","parent":"root"},{"name":"guang25","parent":"root"}],"slots":[{"name":"2","bone":"guang","blend":"additive"},{"name":"3","bone":"guang2","blend":"additive"},{"name":"4","bone":"guang3","blend":"additive"},{"name":"5","bone":"guang4","blend":"additive"},{"name":"6","bone":"guang5","blend":"additive"},{"name":"7","bone":"guang6","blend":"additive"},{"name":"8","bone":"guang7","blend":"additive"},{"name":"9","bone":"guang8","blend":"additive"},{"name":"10","bone":"guang9","blend":"additive"},{"name":"11","bone":"guang10","blend":"additive"},{"name":"12","bone":"guang11","blend":"additive"},{"name":"13","bone":"guang12","blend":"additive"},{"name":"14","bone":"guang13","blend":"additive"},{"name":"15","bone":"guang14","blend":"additive"},{"name":"16","bone":"guang15","blend":"additive"},{"name":"17","bone":"guang16","blend":"additive"},{"name":"18","bone":"guang17","blend":"additive"},{"name":"19","bone":"guang18","blend":"additive"},{"name":"20","bone":"guang19","blend":"additive"},{"name":"21","bone":"guang20","blend":"additive"},{"name":"22","bone":"guang21","blend":"additive"},{"name":"23","bone":"guang22","blend":"additive"},{"name":"24","bone":"guang23","blend":"additive"},{"name":"25","bone":"guang24","blend":"additive"},{"name":"26","bone":"guang25","blend":"additive"}],"skins":[{"name":"default","attachments":{"2":{"2":{"width":40,"height":39}},"3":{"2":{"width":40,"height":39}},"4":{"2":{"width":40,"height":39}},"5":{"2":{"width":40,"height":39}},"6":{"2":{"width":40,"height":39}},"7":{"2":{"width":40,"height":39}},"8":{"2":{"width":40,"height":39}},"9":{"2":{"width":40,"height":39}},"10":{"2":{"width":40,"height":39}},"11":{"2":{"width":40,"height":39}},"12":{"2":{"width":40,"height":39}},"13":{"2":{"width":40,"height":39}},"14":{"2":{"width":40,"height":39}},"15":{"2":{"width":40,"height":39}},"16":{"2":{"width":40,"height":39}},"17":{"2":{"width":40,"height":39}},"18":{"2":{"width":40,"height":39}},"19":{"2":{"width":40,"height":39}},"20":{"2":{"width":40,"height":39}},"21":{"2":{"width":40,"height":39}},"22":{"2":{"width":40,"height":39}},"23":{"2":{"width":40,"height":39}},"24":{"2":{"width":40,"height":39}},"25":{"2":{"width":40,"height":39}},"26":{"2":{"width":40,"height":39}}}}],"animations":{"animation":{"slots":{"2":{"color":[{"color":"ffffff00"},{"time":0.2667,"color":"ffffffff"},{"time":0.5,"color":"ffffff00"}],"attachment":[{"name":"2"}]},"3":{"color":[{"time":0.1667,"color":"ffffff00"},{"time":0.4333,"color":"ffffffff"},{"time":0.6667,"color":"ffffff00"}],"attachment":[{"time":0.1667,"name":"2"}]},"4":{"color":[{"time":0.3333,"color":"ffffff00"},{"time":0.6,"color":"ffffffff"},{"time":0.8333,"color":"ffffff00"}],"attachment":[{"time":0.3333,"name":"2"}]},"5":{"color":[{"time":0.5,"color":"ffffff00"},{"time":0.7667,"color":"ffffffff"},{"time":1,"color":"ffffff00"}],"attachment":[{"time":0.5,"name":"2"}]},"6":{"color":[{"time":0.6667,"color":"ffffff00"},{"time":0.9333,"color":"ffffffff"},{"time":1.1667,"color":"ffffff00"}],"attachment":[{"time":0.6667,"name":"2"}]},"7":{"color":[{"time":0.8333,"color":"ffffff00"},{"time":1.1,"color":"ffffffff"},{"time":1.3333,"color":"ffffff00"}],"attachment":[{"time":0.8333,"name":"2"}]},"8":{"color":[{"color":"ffffff91"},{"time":0.1333,"color":"ffffff00","curve":"stepped"},{"time":1,"color":"ffffff00"},{"time":1.2667,"color":"ffffffff"},{"time":1.3333,"color":"ffffffb6"}],"attachment":[{"name":"2"},{"time":0.1333,"name":null},{"time":1,"name":"2"}]},"9":{"color":[{"color":"ffffffdf"},{"time":0.0333,"color":"ffffffff"},{"time":0.2667,"color":"ffffff00","curve":"stepped"},{"time":1.1333,"color":"ffffff00"},{"time":1.3333,"color":"ffffffbf"}],"attachment":[{"name":"2"},{"time":0.2667,"name":null},{"time":1.1333,"name":"2"}]},"10":{"color":[{"color":"ffffff5f"},{"time":0.1667,"color":"ffffffff"},{"time":0.4,"color":"ffffff00","curve":"stepped"},{"time":1.2667,"color":"ffffff00"},{"time":1.3333,"color":"ffffff3f"}],"attachment":[{"name":"2"},{"time":0.4,"name":null},{"time":1.2667,"name":"2"}]},"11":{"color":[{"time":0.2667,"color":"ffffff00"},{"time":0.5333,"color":"ffffffff"},{"time":0.7667,"color":"ffffff00"}],"attachment":[{"time":0.2667,"name":"2"}]},"12":{"color":[{"time":0.4667,"color":"ffffff00"},{"time":0.7333,"color":"ffffffff"},{"time":0.9667,"color":"ffffff00"}],"attachment":[{"time":0.4667,"name":"2"}]},"13":{"color":[{"time":0.6,"color":"ffffff00"},{"time":0.8667,"color":"ffffffff"},{"time":1.1,"color":"ffffff00"}],"attachment":[{"time":0.6,"name":"2"}]},"14":{"color":[{"time":0.7333,"color":"ffffff00"},{"time":1,"color":"ffffffff"},{"time":1.2333,"color":"ffffff00"}],"attachment":[{"time":0.7333,"name":"2"}]},"15":{"color":[{"time":0.0667,"color":"ffffff00"},{"time":0.3333,"color":"ffffffff"},{"time":0.5667,"color":"ffffff00"}],"attachment":[{"time":0.0667,"name":"2"}]},"16":{"color":[{"color":"ffffff24"},{"time":0.0333,"color":"ffffff00","curve":"stepped"},{"time":0.9,"color":"ffffff00"},{"time":1.1667,"color":"ffffffff"},{"time":1.3333,"color":"ffffff48"}],"attachment":[{"name":"2"},{"time":0.0333,"name":null},{"time":0.9,"name":"2"}]},"17":{"color":[{"color":"ffffffda"},{"time":0.2,"color":"ffffff00","curve":"stepped"},{"time":1.0667,"color":"ffffff00"},{"time":1.3333,"color":"ffffffff"}],"attachment":[{"name":"2"},{"time":0.2,"name":null},{"time":1.0667,"name":"2"}]},"18":{"color":[{"time":0.4333,"color":"ffffff00"},{"time":0.7,"color":"ffffffff"},{"time":0.9333,"color":"ffffff00"}],"attachment":[{"time":0.4333,"name":"2"}]},"19":{"color":[{"time":0.3,"color":"ffffff00"},{"time":0.5667,"color":"ffffffff"},{"time":0.8,"color":"ffffff00"}],"attachment":[{"time":0.3,"name":"2"}]},"20":{"color":[{"time":0.2333,"color":"ffffff00"},{"time":0.5,"color":"ffffffff"},{"time":0.7333,"color":"ffffff00"}],"attachment":[{"time":0.2333,"name":"2"}]},"21":{"color":[{"time":0.1,"color":"ffffff00"},{"time":0.3667,"color":"ffffffff"},{"time":0.6,"color":"ffffff00"}],"attachment":[{"time":0.1,"name":"2"}]},"22":{"color":[{"color":"ffffff7f"},{"time":0.1333,"color":"ffffffff"},{"time":0.3667,"color":"ffffff00","curve":"stepped"},{"time":1.2333,"color":"ffffff00"},{"time":1.3333,"color":"ffffff5f"}],"attachment":[{"name":"2"},{"time":0.3667,"name":null},{"time":1.2333,"name":"2"}]},"23":{"color":[{"color":"ffffff5f"},{"time":0.1667,"color":"ffffffff"},{"time":0.4,"color":"ffffff00","curve":"stepped"},{"time":1.2667,"color":"ffffff00"},{"time":1.3333,"color":"ffffff3f"}],"attachment":[{"name":"2"},{"time":0.4,"name":null},{"time":1.2667,"name":"2"}]},"24":{"color":[{"color":"ffffffff"},{"time":0.2333,"color":"ffffff00","curve":"stepped"},{"time":1.1,"color":"ffffff00"},{"time":1.3333,"color":"ffffffdf"}],"attachment":[{"name":"2"},{"time":0.2333,"name":null},{"time":1.1,"name":"2"}]},"25":{"color":[{"time":0.5333,"color":"ffffff00"},{"time":0.8,"color":"ffffffff"},{"time":1.0333,"color":"ffffff00"}],"attachment":[{"time":0.5333,"name":"2"}]},"26":{"color":[{"time":0.7333,"color":"ffffff00"},{"time":1,"color":"ffffffff"},{"time":1.2333,"color":"ffffff00"}],"attachment":[{"time":0.7333,"name":"2"}]}},"bones":{"guang":{"translate":[{"curve":0.25,"c3":0.75},{"time":0.5,"x":-2.48,"y":-11.78}],"scale":[{},{"time":0.2667,"x":1.2,"y":1.2},{"time":0.5,"x":0.5,"y":0.5}]},"guang2":{"translate":[{"time":0.1667,"curve":0.25,"c3":0.75},{"time":0.6667,"x":-2.17,"y":12.71}],"scale":[{"time":0.1667},{"time":0.4333,"x":1.2,"y":1.2},{"time":0.6667,"x":0.5,"y":0.5}]},"guang3":{"translate":[{"time":0.3333,"curve":0.25,"c3":0.75},{"time":0.8333,"x":7.75,"y":-8.06}],"scale":[{"time":0.3333},{"time":0.6,"x":1.2,"y":1.2},{"time":0.8333,"x":0.5,"y":0.5}]},"guang4":{"translate":[{"time":0.5,"curve":0.25,"c3":0.75},{"time":1,"x":-10.85,"y":-4.96}],"scale":[{"time":0.5},{"time":0.7667,"x":1.2,"y":1.2},{"time":1,"x":0.5,"y":0.5}]},"guang5":{"translate":[{"time":0.6667,"curve":0.25,"c3":0.75},{"time":1.1667,"x":8.99,"y":7.44}],"scale":[{"time":0.6667},{"time":0.9333,"x":1.2,"y":1.2},{"time":1.1667,"x":0.5,"y":0.5}]},"guang6":{"translate":[{"time":0.8333,"curve":0.25,"c3":0.75},{"time":1.3333,"x":9.3,"y":-2.79}],"scale":[{"time":0.8333},{"time":1.1,"x":1.2,"y":1.2},{"time":1.3333,"x":0.5,"y":0.5}]},"guang7":{"translate":[{"x":-7.91,"y":6.68,"curve":0.38,"c2":0.59,"c3":0.727},{"time":0.1333,"x":-9.92,"y":8.37},{"time":1,"curve":0.243,"c3":0.649,"c4":0.6},{"time":1.3333,"x":-7.1,"y":5.99}],"scale":[{"x":0.9,"y":0.9},{"time":0.1333,"x":0.5,"y":0.5},{"time":1},{"time":1.2667,"x":1.2,"y":1.2},{"time":1.3333}]},"guang8":{"translate":[{"x":-5.78,"y":-3.67,"curve":0.372,"c2":0.48,"c3":0.752},{"time":0.2667,"x":-12.71,"y":-8.06},{"time":1.1333,"curve":0.258,"c3":0.619,"c4":0.45},{"time":1.3333,"x":-4.68,"y":-2.96}],"scale":[{"x":1.175,"y":1.175},{"time":0.0333,"x":1.2,"y":1.2},{"time":0.2667,"x":0.5,"y":0.5},{"time":1.1333},{"time":1.3333,"x":1.15,"y":1.15}]},"guang9":{"translate":[{"x":0.96,"y":1.16,"curve":0.32,"c2":0.29,"c3":0.757},{"time":0.4,"x":7.44,"y":8.99},{"time":1.2667,"curve":0.297,"c3":0.634,"c4":0.37},{"time":1.3333,"x":0.52,"y":0.62}],"scale":[{"x":1.075,"y":1.075},{"time":0.1667,"x":1.2,"y":1.2},{"time":0.4,"x":0.5,"y":0.5},{"time":1.2667},{"time":1.3333,"x":1.05,"y":1.05}]},"guang10":{"translate":[{"time":0.2667,"curve":0.25,"c3":0.75},{"time":0.7667,"x":3.1,"y":-36.89}],"scale":[{"time":0.2667},{"time":0.5333,"x":1.2,"y":1.2},{"time":0.7667,"x":0.5,"y":0.5}]},"guang11":{"translate":[{"time":0.4667,"curve":0.25,"c3":0.75},{"time":0.9667,"x":-17.39,"y":-20.03}],"scale":[{"time":0.4667},{"time":0.7333,"x":1.2,"y":1.2},{"time":0.9667,"x":0.5,"y":0.5}]},"guang12":{"translate":[{"time":0.6,"curve":0.25,"c3":0.75},{"time":1.1,"x":41.43,"y":-34.91}],"scale":[{"time":0.6},{"time":0.8667,"x":1.2,"y":1.2},{"time":1.1,"x":0.5,"y":0.5}]},"guang13":{"translate":[{"time":0.7333,"curve":0.25,"c3":0.75},{"time":1.2333,"x":10.79,"y":-34.83}],"scale":[{"time":0.7333},{"time":1,"x":1.2,"y":1.2},{"time":1.2333,"x":0.5,"y":0.5}]},"guang14":{"translate":[{"time":0.0667,"curve":0.25,"c3":0.75},{"time":0.5667,"x":15.5,"y":38.84}],"scale":[{"time":0.0667},{"time":0.3333,"x":1.2,"y":1.2},{"time":0.5667,"x":0.5,"y":0.5}]},"guang15":{"translate":[{"x":-22.24,"y":41.6,"curve":0.352,"c2":0.65,"c3":0.687},{"time":0.0333,"x":-22.7,"y":42.46},{"time":0.9,"curve":0.244,"c3":0.7,"c4":0.79},{"time":1.3333,"x":-21.12,"y":39.51}],"scale":[{"x":0.6,"y":0.6},{"time":0.0333,"x":0.5,"y":0.5},{"time":0.9},{"time":1.1667,"x":1.2,"y":1.2},{"time":1.3333,"x":0.7,"y":0.7}]},"guang16":{"translate":[{"x":30.76,"y":-15.98,"curve":0.381,"c2":0.55,"c3":0.742},{"time":0.2,"x":48.66,"y":-25.29},{"time":1.0667,"curve":0.248,"c3":0.628,"c4":0.52},{"time":1.3333,"x":26.47,"y":-13.76}],"scale":[{"x":1.071,"y":1.071},{"time":0.2,"x":0.3,"y":0.3},{"time":1.0667},{"time":1.3333,"x":1.2,"y":1.2}]},"guang17":{"translate":[{"time":0.4333,"curve":0.25,"c3":0.75},{"time":0.9333,"x":-31.37,"y":-43.91}],"scale":[{"time":0.4333},{"time":0.7,"x":1.2,"y":1.2},{"time":0.9333,"x":0.5,"y":0.5}]},"guang18":{"translate":[{"time":0.3,"curve":0.25,"c3":0.75},{"time":0.8,"x":-35.82,"y":17.09}],"scale":[{"time":0.3},{"time":0.5667,"x":1.2,"y":1.2},{"time":0.8,"x":0.5,"y":0.5}]},"guang19":{"translate":[{"time":0.2333,"curve":0.25,"c3":0.75},{"time":0.7333,"x":41.54,"y":-13.33}],"scale":[{"time":0.2333},{"time":0.5,"x":1.2,"y":1.2},{"time":0.7333,"x":0.5,"y":0.5}]},"guang20":{"translate":[{"time":0.1,"curve":0.25,"c3":0.75},{"time":0.6,"x":-38.81,"y":-28.89}],"scale":[{"time":0.1},{"time":0.2333,"x":1.2,"y":1.2},{"time":0.6,"x":0.2,"y":0.2}]},"guang21":{"translate":[{"x":-10.09,"y":3.37,"curve":0.337,"c2":0.35,"c3":0.758},{"time":0.3667,"x":-50.15,"y":16.75},{"time":1.2333,"curve":0.284,"c3":0.625,"c4":0.38},{"time":1.3333,"x":-6.53,"y":2.18}],"scale":[{"x":1.1,"y":1.1},{"time":0.1333,"x":1.2,"y":1.2},{"time":0.3667,"x":0.5,"y":0.5},{"time":1.2333},{"time":1.3333,"x":1.075,"y":1.075}]},"guang22":{"translate":[{"x":-0.66,"y":-7.83,"curve":0.32,"c2":0.29,"c3":0.757},{"time":0.4,"x":-3.54,"y":-46.36},{"time":1.2667,"curve":0.297,"c3":0.634,"c4":0.37},{"time":1.3333,"x":-0.35,"y":-4.2}],"scale":[{"x":1.075,"y":1.075},{"time":0.1667,"x":1.2,"y":1.2},{"time":0.4,"x":0.5,"y":0.5},{"time":1.2667},{"time":1.3333,"x":1.05,"y":1.05}]},"guang23":{"translate":[{"x":22.71,"y":18.62,"curve":0.378,"c2":0.52,"c3":0.748},{"time":0.2333,"x":41.72,"y":34.21},{"time":1.1,"curve":0.252,"c3":0.622,"c4":0.48},{"time":1.3333,"x":19.02,"y":15.6}],"scale":[{"x":1.2,"y":1.2},{"time":0.2333,"x":0.5,"y":0.5},{"time":1.1},{"time":1.3333,"x":1.175,"y":1.175}]},"guang24":{"translate":[{"time":0.5333,"curve":0.25,"c3":0.75},{"time":1.0333,"x":-5.27,"y":44.84}],"scale":[{"time":0.5333},{"time":0.8,"x":1.2,"y":1.2},{"time":1.0333,"x":0.2,"y":0.2}]},"guang25":{"translate":[{"time":0.7333,"curve":0.25,"c3":0.75},{"time":1.2333,"x":49.03,"y":10.68}],"scale":[{"time":0.7333},{"time":1,"x":1.2,"y":1.2},{"time":1.2333,"x":0.2,"y":0.2}]}}}}},[0]]],0,0,[0],[-1],[9]],[[[8,"Rubik-Regular","Rubik-Regular.ttf"],-1],0,0,[],[],[]],[[{"name":"pro_bor","rect":{"x":2,"y":1,"width":1138,"height":43},"offset":{"x":1,"y":-0.5},"originalSize":{"width":1140,"height":44},"rotated":false,"capInsets":[0,0,0,0],"packable":true}],[2],0,[0],[2],[10]],[[[8,"Inter[slnt,wght]","Inter[slnt,wght].ttf"],-1],0,0,[],[],[]],[[{"base":"2,2,0,0,2,0","rgbe":true,"mipmaps":[{"front":"d032ac98-05e1-4090-88bb-eb640dcb5fc1@b47c0@e9a6d","back":"d032ac98-05e1-4090-88bb-eb640dcb5fc1@b47c0@40c10","left":"d032ac98-05e1-4090-88bb-eb640dcb5fc1@b47c0@8fd34","right":"d032ac98-05e1-4090-88bb-eb640dcb5fc1@b47c0@74afd","top":"d032ac98-05e1-4090-88bb-eb640dcb5fc1@b47c0@bb97f","bottom":"d032ac98-05e1-4090-88bb-eb640dcb5fc1@b47c0@7d38f"}]}],[7],0,[],[],[]],[[{"fmt":"0","w":0,"h":0},-1],[0],0,[],[],[]],[[{"fmt":"0","w":0,"h":0},-1],[0],0,[],[],[]],[[{"fmt":"0","w":0,"h":0},-1],[0],0,[],[],[]],[[{"fmt":"0","w":0,"h":0},-1],[0],0,[],[],[]],[[{"fmt":"0","w":0,"h":0},-1],[0],0,[],[],[]],[[{"fmt":"0","w":0,"h":0},-1],[0],0,[],[],[]],[[[41,"downing"],[13,"downing",[-6],[[42,-5,[0,"5dqK1/AcdFcK4hsHVDJ9p7"],-4,-3,-2]],[1,"65nKE85DdH/ZedwSfzVlpI",-1,0]],[5,"Canvas",33554432,1,[-11,-12,-13,-14,-15,-16],[[2,-7,[0,"5cR+vlWelJcYHeo1PZpZEU"],[5,1280,720]],[21,-9,[0,"a0FGY4mwxCUKMtO2efNIHW"],-8],[23,45,-10,[0,"d3Cr70fLxHFKVW+OnkWQMt"]]],[1,"60h4Lu8FpNTKUCdrwi7n62",1,0],[1,640,360,0]],[5,"Button",33554432,2,[-22],[[2,-17,[0,"31G95JXQNIJ5bMpLSnnxqx"],[5,64,64]],[36,1,2,-18,[0,"caHy0drgFH9pX2nz7e4c1I"],1],[43,3,-20,[0,"ea3tHzhTFH2LF2u2PbhUd4"],[[44,"beb71GhQDRNRK9bRKB4lbzh","onlineSever","1",1]],[4,4292269782],-19,2],[24,33,20,20,-21,[0,"b2p2cAdXpFw7XvEDMPgvc2"]]],[1,"fbw0WknlJEtph0vCyI2xUs",1,0],[1,588,308,0]],[5,"ProgressBack",33554432,2,[-26,-27,-28],[[2,-23,[0,"56LqMClf5NdZZIRW5/LiMi"],[5,1128,35]],[4,-24,[0,"5ccwigG7xP3oY2kVTOd2B0"],7],[25,20,39,51,-25,[0,"ea+D20TYVDUIgmerqYSgXS"]]],[1,"74VjPfKxRJnq8y1iz2dcZe",1,0],[1,0,-291.5,0]],[3,"ver",33554432,2,[[2,-29,[0,"dcLpL3k6FAKbrGLSY8Jl1+"],[5,190.75,50.4]],[45,"版本号：2.25.22",24,24,false,-30,[0,"17vVnWgOZIP6NBJZgZ+kzd"],[4,2113929215],3],[7,36,20,10,-31,[0,"37qWaiyORDtJee9jfmcshs"]]],[1,"27938qGY9DTpjjoyyBtD1A",1,0],[1,524.625,-324.8,0]],[14,"par",33554432,4,[-33],[[2,-32,[0,"137hTWtB1Jh75I+w9rlDLF"],[5,1106,100]]],[1,"f563eEeG5L177awN3/2Fzq",1,0],[1,-553,29.74,0],[1,0.5,1,1]],[3,"lod_lb",33554432,4,[[2,-34,[0,"fdpCFnsq5C7paaw/z5a0GN"],[5,91,91]],[48,0,false,"default","animation",-35,[0,"2dumnh91xMZp5ACJTFbcbH"],6]],[1,"4aF+kk5ZBBm4SxQTfuyBk/",1,0],[1,0,31.424,0]],[19,"loadingPro",33554432,2,[[[2,-36,[0,"52lwc+emtAvaBnVQ2vPjLP"],[5,181.41,50.4]],-37,[7,20,10,26,-38,[0,"danQVBkh1FBaKfL+KnDhHV"]]],4,1,4],[1,"07fDzVbtNI5bspXvm74DEC",1,0],[1,0,-308.8,0]],[15,"Loading",33554432,2,[[2,-39,[0,"36JBtZdnVFM5xlxU5Mdg1o"],[5,1280,720]],[4,-40,[0,"6afj6A+9ZAvqIs1qBey9Zz"],0]],[1,"159/06t2xFUZ98NP1Zu9sF",1,0]],[16,"Label",512,33554432,3,[[2,-41,[0,"96NdfBiiNOJ7+aA6elQrwX"],[5,100,40]],[46,"\n",20,20,1,false,-42,[0,"aa/3aK7JFBkrYhaUcB2e4u"],[4,4278190080]]],[1,"5aXR6QZ/1OVrs4MqsIUT5K",1,0]],[3,"bor",33554432,4,[[2,-43,[0,"61pfsvCWdBmp2mjEIm+6jR"],[5,1138,43]],[4,-44,[0,"5bFzBApFFKQYyu6PAfnsXQ"],4]],[1,"1e1pUd225MTJmbe65rZXY/",1,0],[1,0,23.219,0]],[3,"pro_pro",33554432,6,[[2,-45,[0,"8d98CQW7dHpLn4tUocH9MN"],[5,1106,13]],[4,-46,[0,"74K3bfJpFOMaFR/rjatAy5"],5]],[1,"1c3OTjlgZHy4qA8yL18YwB",1,0],[1,553,0,0]],[18,"Camera",2,[-47],[1,"46/jXY9SpCl6viKzeU6vAy",1,0],[1,0,0,1000]],[39,0,1073741824,360,2000,6,41943040,13,[0,"d2FSzxdGNGq7hTm9B6vUhM"],[4,4278190080]],[47,"LOADING 90%",28,28,false,true,8,[0,"2c9vKsMyhFWb+ZCTBeNMl/"],[4,4289195519]]],0,[0,10,1,0,11,15,0,12,7,0,13,6,0,0,1,0,-1,2,0,0,2,0,3,14,0,0,2,0,0,2,0,-1,13,0,-2,9,0,-3,3,0,-4,5,0,-5,4,0,-6,8,0,0,3,0,0,3,0,14,3,0,0,3,0,0,3,0,-1,10,0,0,4,0,0,4,0,0,4,0,-1,11,0,-2,6,0,-3,7,0,0,5,0,0,5,0,0,5,0,0,6,0,-1,12,0,0,7,0,0,7,0,0,8,0,-2,15,0,0,8,0,0,9,0,0,9,0,0,10,0,0,10,0,0,11,0,0,11,0,0,12,0,0,12,0,-1,14,0,15,1,47],[0,0,0,0,0,0,0,0,15],[1,1,16,4,1,1,17,1,4],[0,1,1,11,12,13,14,15,16]]]]
